Sample_Number,Timestamp,Elapsed_Time_Seconds,Session_ID,CPU_Usage_Percent,CPU_Performance_Percent,RAM_Usage_Percent,Disk_Read_MBps,Disk_Write_MBps,GPU_Usage_Percent,GPU_Memory_Usage_Percent,GPU_Memory_Used_MB,GPU_Memory_Total_MB,GPU_Temperature_C,GPU_Graphics_Clock_MHz,Battery_Percentage,Charging
1,2026-09-16 00:40:18,0.0,mediumworkmain1_20260916_004017,2.8,111,48.3,0.0,0.0,0,0,328.36,4096.0,56,210,100,True
2,2026-09-16 00:40:19,1.0,mediumworkmain1_20260916_004017,6.0,113,48.3,0.0,0.0,0,0,328.36,4096.0,56,210,100,True
3,2026-09-16 00:40:20,2.0,mediumworkmain1_20260916_004017,8.0,136,48.5,0.0,0.0,0,0,392.79,4096.0,56,210,100,True
4,2026-09-16 00:40:21,3.0,mediumworkmain1_20260916_004017,6.8,140,48.4,0.125,0.362,0,0,462.92,4096.0,57,1575,100,True
5,2026-09-16 00:40:22,4.0,mediumworkmain1_20260916_004017,7.5,138,48.4,0.016,0.04,0,0,464.92,4096.0,58,1575,100,True
6,2026-09-16 00:40:23,5.0,mediumworkmain1_20260916_004017,4.0,136,48.4,0.312,0.023,0,0,456.98,4096.0,57,360,100,True
7,2026-09-16 00:40:24,6.0,mediumworkmain1_20260916_004017,20.7,147,49.0,0.078,0.066,11,4,504.17,4096.0,56,495,100,True
8,2026-09-16 00:40:25,7.0,mediumworkmain1_20260916_004017,20.6,144,49.0,0.962,0.882,45,19,514.73,4096.0,57,555,100,True
9,2026-09-16 00:40:26,8.0,mediumworkmain1_20260916_004017,11.1,139,49.2,0.695,1.55,45,9,451.48,4096.0,57,675,100,True
10,2026-09-16 00:40:27,9.0,mediumworkmain1_20260916_004017,8.1,138,49.2,0.047,0.172,46,9,453.61,4096.0,57,840,100,True
11,2026-09-16 00:40:28,10.0,mediumworkmain1_20260916_004017,5.0,139,49.2,0.438,1.502,16,2,471.42,4096.0,57,840,100,True
12,2026-09-16 00:40:29,11.0,mediumworkmain1_20260916_004017,13.7,146,49.7,0.325,0.857,30,9,608.4,4096.0,57,397,100,True
13,2026-09-16 00:40:30,12.0,mediumworkmain1_20260916_004017,27.7,147,50.1,0.918,2.153,21,4,655.34,4096.0,59,1575,100,True
14,2026-09-16 00:40:31,13.01,mediumworkmain1_20260916_004017,21.6,147,50.1,0.137,0.0,15,1,656.15,4096.0,58,975,100,True
15,2026-09-16 00:40:32,14.01,mediumworkmain1_20260916_004017,19.3,148,50.2,0.297,0.535,41,13,665.02,4096.0,58,832,100,True
16,2026-09-16 00:40:33,15.01,mediumworkmain1_20260916_004017,17.5,147,50.5,0.406,1.121,38,12,665.09,4096.0,58,832,100,True
17,2026-09-16 00:40:34,16.01,mediumworkmain1_20260916_004017,19.8,148,50.6,0.0,0.261,40,12,654.09,4096.0,58,825,100,True
18,2026-09-16 00:40:35,17.01,mediumworkmain1_20260916_004017,22.9,145,50.6,0.0,0.062,15,8,451.4,4096.0,58,735,100,True
19,2026-09-16 00:40:36,18.01,mediumworkmain1_20260916_004017,11.1,139,50.3,0.156,0.499,31,10,407.34,4096.0,58,562,100,True
20,2026-09-16 00:40:37,19.01,mediumworkmain1_20260916_004017,23.2,140,51.1,0.113,0.175,34,22,449.82,4096.0,58,570,100,True
21,2026-09-16 00:40:38,20.01,mediumworkmain1_20260916_004017,20.4,146,51.1,0.008,0.004,54,25,529.59,4096.0,58,1065,100,True
22,2026-09-16 00:40:39,21.01,mediumworkmain1_20260916_004017,12.4,141,51.0,0.156,0.505,12,3,530.4,4096.0,58,1065,100,True
23,2026-09-16 00:40:40,22.01,mediumworkmain1_20260916_004017,7.3,137,51.0,0.203,0.498,40,21,536.65,4096.0,58,517,100,True
24,2026-09-16 00:40:41,23.01,mediumworkmain1_20260916_004017,6.8,140,50.9,0.0,0.076,48,26,543.84,4096.0,58,585,100,True
25,2026-09-16 00:40:42,24.01,mediumworkmain1_20260916_004017,8.5,137,51.0,0.113,0.301,11,2,503.9,4096.0,58,840,100,True
26,2026-09-16 00:40:43,25.01,mediumworkmain1_20260916_004017,5.0,136,51.0,0.062,0.244,9,2,424.4,4096.0,58,360,100,True
27,2026-09-16 00:40:44,26.01,mediumworkmain1_20260916_004017,6.5,140,50.7,0.141,0.36,4,1,495.9,4096.0,57,352,100,True
28,2026-09-16 00:40:45,27.01,mediumworkmain1_20260916_004017,17.9,150,50.4,0.457,0.529,100,0,548.71,4096.0,59,1747,100,True
29,2026-09-16 00:40:46,28.01,mediumworkmain1_20260916_004017,12.3,143,50.3,0.359,0.883,100,0,548.71,4096.0,60,1747,100,True
30,2026-09-16 00:40:47,29.01,mediumworkmain1_20260916_004017,11.5,143,50.3,0.219,0.833,100,0,548.71,4096.0,60,1747,100,True
31,2026-09-16 00:40:48,30.01,mediumworkmain1_20260916_004017,13.6,142,50.3,0.145,0.488,100,0,548.71,4096.0,60,1747,100,True
32,2026-09-16 00:40:49,31.01,mediumworkmain1_20260916_004017,47.7,129,47.7,0.732,2.213,2,0,441.46,4096.0,60,1747,100,True
33,2026-09-16 00:40:50,32.01,mediumworkmain1_20260916_004017,43.0,136,49.3,0.168,0.512,6,2,619.12,4096.0,60,1747,100,True
34,2026-09-16 00:40:51,33.01,mediumworkmain1_20260916_004017,23.1,147,49.5,0.277,0.865,10,3,540.24,4096.0,60,1575,100,True
35,2026-09-16 00:40:52,34.01,mediumworkmain1_20260916_004017,22.1,147,50.1,0.516,1.249,16,3,584.8,4096.0,60,1575,100,True
36,2026-09-16 00:40:53,35.01,mediumworkmain1_20260916_004017,34.0,145,50.6,1.676,4.82,17,3,605.06,4096.0,59,1545,100,True
37,2026-09-16 00:40:54,36.01,mediumworkmain1_20260916_004017,37.0,145,50.4,1.207,4.228,17,3,556.88,4096.0,60,1545,100,True
38,2026-09-16 00:40:55,37.01,mediumworkmain1_20260916_004017,22.5,147,49.7,0.696,1.2,21,4,376.13,4096.0,59,735,100,True
39,2026-09-16 00:40:56,38.01,mediumworkmain1_20260916_004017,20.8,147,49.7,0.578,1.681,19,3,376.76,4096.0,59,1575,100,True
40,2026-09-16 00:40:57,39.01,mediumworkmain1_20260916_004017,21.8,147,49.5,0.0,0.0,16,3,355.63,4096.0,60,1575,100,True
41,2026-09-16 00:40:58,40.01,mediumworkmain1_20260916_004017,22.2,147,49.4,0.188,0.63,17,3,316.63,4096.0,60,1575,100,True
42,2026-09-16 00:40:59,41.01,mediumworkmain1_20260916_004017,22.8,147,49.9,3.675,0.86,16,3,316.01,4096.0,60,1575,100,True
43,2026-09-16 00:41:00,42.01,mediumworkmain1_20260916_004017,27.0,146,50.2,14.2,1.14,22,5,324.2,4096.0,59,1072,100,True
44,2026-09-16 00:41:01,43.01,mediumworkmain1_20260916_004017,20.5,147,50.1,0.0,0.0,19,3,315.82,4096.0,59,1072,100,True
45,2026-09-16 00:41:02,44.01,mediumworkmain1_20260916_004017,20.9,148,50.1,0.328,0.717,21,5,309.32,4096.0,59,907,100,True
46,2026-09-16 00:41:03,45.01,mediumworkmain1_20260916_004017,21.9,146,50.2,0.156,0.279,17,4,386.02,4096.0,59,907,100,True
47,2026-09-16 00:41:04,46.02,mediumworkmain1_20260916_004017,15.9,141,50.2,0.25,0.584,48,31,403.83,4096.0,58,735,100,True
48,2026-09-16 00:41:05,47.02,mediumworkmain1_20260916_004017,9.2,138,50.2,0.062,0.141,10,3,395.39,4096.0,59,735,100,True
49,2026-09-16 00:41:06,48.02,mediumworkmain1_20260916_004017,12.6,132,50.5,0.125,0.383,64,35,432.95,4096.0,58,547,100,True
50,2026-09-16 00:41:07,49.02,mediumworkmain1_20260916_004017,8.2,126,50.5,0.297,0.731,43,30,416.2,4096.0,58,615,100,True
51,2026-09-16 00:41:08,50.02,mediumworkmain1_20260916_004017,12.2,139,50.3,0.0,0.0,30,24,409.45,4096.0,58,682,100,True
52,2026-09-16 00:41:09,51.02,mediumworkmain1_20260916_004017,10.7,138,50.3,0.156,0.405,33,25,359.95,4096.0,58,682,100,True
53,2026-09-16 00:41:10,52.02,mediumworkmain1_20260916_004017,20.2,147,50.3,0.188,0.744,19,4,374.77,4096.0,58,1072,100,True
54,2026-09-16 00:41:11,53.02,mediumworkmain1_20260916_004017,24.4,145,50.7,0.062,0.199,20,4,410.07,4096.0,58,652,100,True
55,2026-09-16 00:41:12,54.02,mediumworkmain1_20260916_004017,20.2,148,50.6,0.0,0.0,21,3,399.38,4096.0,58,1020,100,True
56,2026-09-16 00:41:13,55.02,mediumworkmain1_20260916_004017,14.9,147,50.6,0.031,0.31,20,3,402.57,4096.0,58,1020,100,True
57,2026-09-16 00:41:14,56.02,mediumworkmain1_20260916_004017,21.6,147,50.6,0.0,0.148,22,5,430.58,4096.0,58,1005,100,True
58,2026-09-16 00:41:15,57.02,mediumworkmain1_20260916_004017,9.9,142,50.4,0.0,0.05,10,4,413.08,4096.0,58,1005,100,True
59,2026-09-16 00:41:16,58.02,mediumworkmain1_20260916_004017,14.0,141,50.5,0.031,0.0,18,4,413.45,4096.0,57,405,100,True
60,2026-09-16 00:41:17,59.02,mediumworkmain1_20260916_004017,15.0,137,50.4,3.937,0.664,39,29,399.14,4096.0,57,712,100,True
61,2026-09-16 00:41:18,60.02,mediumworkmain1_20260916_004017,13.8,136,50.1,0.078,0.168,30,24,291.17,4096.0,57,712,100,True
62,2026-09-16 00:41:19,61.02,mediumworkmain1_20260916_004017,11.7,137,50.1,0.062,0.191,30,24,282.67,4096.0,57,562,100,True
63,2026-09-16 00:41:20,62.02,mediumworkmain1_20260916_004017,18.1,142,49.6,0.0,0.0,31,26,279.11,4096.0,57,510,100,True
64,2026-09-16 00:41:21,63.02,mediumworkmain1_20260916_004017,9.5,134,49.6,0.316,0.323,32,23,273.98,4096.0,57,465,100,True
65,2026-09-16 00:41:22,64.02,mediumworkmain1_20260916_004017,13.1,143,49.8,0.73,0.289,37,26,273.98,4096.0,56,435,100,True
66,2026-09-16 00:41:23,65.06,mediumworkmain1_20260916_004017,38.2,137,50.3,3.296,4.541,15,4,303.11,4096.0,58,1575,100,True
67,2026-09-16 00:41:24,66.06,mediumworkmain1_20260916_004017,39.0,140,50.4,1.691,2.703,7,3,303.55,4096.0,58,1575,100,True
68,2026-09-16 00:41:25,67.06,mediumworkmain1_20260916_004017,29.0,146,50.8,2.887,7.601,15,4,371.42,4096.0,58,1575,100,True
69,2026-09-16 00:41:26,68.06,mediumworkmain1_20260916_004017,25.0,142,50.9,0.453,1.227,18,3,393.1,4096.0,58,1575,100,True
70,2026-09-16 00:41:27,69.06,mediumworkmain1_20260916_004017,25.4,146,50.9,0.6,0.797,63,29,392.48,4096.0,58,1237,100,True
71,2026-09-16 00:41:28,70.06,mediumworkmain1_20260916_004017,27.6,147,50.9,0.641,2.438,19,3,383.54,4096.0,58,1237,100,True
72,2026-09-16 00:41:29,71.06,mediumworkmain1_20260916_004017,30.1,147,50.9,1.086,1.506,25,4,382.66,4096.0,57,697,100,True
73,2026-09-16 00:41:30,72.06,mediumworkmain1_20260916_004017,22.4,148,50.9,0.234,0.642,57,25,356.1,4096.0,57,847,100,True
74,2026-09-16 00:41:31,73.06,mediumworkmain1_20260916_004017,25.7,147,50.8,0.0,0.0,21,3,306.41,4096.0,57,847,100,True
75,2026-09-16 00:41:32,74.06,mediumworkmain1_20260916_004017,21.0,147,50.9,0.219,0.569,63,28,362.16,4096.0,57,870,100,True
76,2026-09-16 00:41:33,75.06,mediumworkmain1_20260916_004017,21.8,143,50.9,0.102,0.437,24,6,434.8,4096.0,58,870,100,True
77,2026-09-16 00:41:34,76.06,mediumworkmain1_20260916_004017,12.1,143,50.9,0.062,0.139,27,5,435.11,4096.0,57,615,100,True
78,2026-09-16 00:41:35,77.06,mediumworkmain1_20260916_004017,21.4,142,52.1,0.156,0.238,11,2,496.61,4096.0,58,1575,100,True
79,2026-09-16 00:41:36,78.06,mediumworkmain1_20260916_004017,13.9,146,52.4,0.203,0.587,14,3,494.3,4096.0,58,1575,100,True
80,2026-09-16 00:41:37,79.06,mediumworkmain1_20260916_004017,12.5,143,52.5,0.188,0.798,9,1,494.42,4096.0,58,1575,100,True
81,2026-09-16 00:41:38,80.06,mediumworkmain1_20260916_004017,9.8,139,52.5,0.234,0.385,4,1,447.11,4096.0,58,1575,100,True
82,2026-09-16 00:41:39,81.06,mediumworkmain1_20260916_004017,13.3,138,52.4,0.039,0.0,13,9,452.61,4096.0,57,600,100,True
83,2026-09-16 00:41:40,82.06,mediumworkmain1_20260916_004017,15.5,147,52.6,0.25,0.516,10,1,443.3,4096.0,57,877,100,True
84,2026-09-16 00:41:41,83.06,mediumworkmain1_20260916_004017,14.0,145,52.5,0.047,0.172,13,3,418.05,4096.0,57,877,100,True
85,2026-09-16 00:41:42,84.06,mediumworkmain1_20260916_004017,19.7,146,52.9,0.17,0.34,50,21,435.23,4096.0,57,525,100,True
86,2026-09-16 00:41:43,85.06,mediumworkmain1_20260916_004017,29.6,144,53.3,0.829,0.62,51,21,458.61,4096.0,57,1020,100,True
87,2026-09-16 00:41:44,86.06,mediumworkmain1_20260916_004017,28.3,148,54.2,0.297,1.21,11,2,439.36,4096.0,57,1020,100,True
88,2026-09-16 00:41:45,87.06,mediumworkmain1_20260916_004017,33.9,146,54.5,0.572,1.429,42,12,409.3,4096.0,57,502,100,True
89,2026-09-16 00:41:46,88.06,mediumworkmain1_20260916_004017,30.9,146,55.4,0.211,0.246,40,11,421.11,4096.0,57,750,100,True
90,2026-09-16 00:41:47,89.06,mediumworkmain1_20260916_004017,19.4,146,54.7,0.469,1.401,6,1,430.3,4096.0,57,832,100,True
91,2026-09-16 00:41:48,90.06,mediumworkmain1_20260916_004017,13.2,144,54.6,0.352,0.964,3,0,430.97,4096.0,57,870,100,True
92,2026-09-16 00:41:49,91.06,mediumworkmain1_20260916_004017,10.2,144,54.7,0.574,1.139,0,0,451.77,4096.0,57,870,100,True
93,2026-09-16 00:41:50,92.07,mediumworkmain1_20260916_004017,19.9,147,55.0,0.07,0.199,10,8,563.64,4096.0,57,802,100,True
94,2026-09-16 00:41:51,93.07,mediumworkmain1_20260916_004017,19.6,144,55.7,0.414,1.404,29,5,531.83,4096.0,57,600,100,True
95,2026-09-16 00:41:52,94.07,mediumworkmain1_20260916_004017,17.9,146,55.7,0.535,1.356,17,4,526.39,4096.0,57,397,100,True
96,2026-09-16 00:41:53,95.07,mediumworkmain1_20260916_004017,22.6,147,55.9,0.766,2.784,8,2,527.89,4096.0,58,1575,100,True
97,2026-09-16 00:41:54,96.07,mediumworkmain1_20260916_004017,6.3,138,55.9,0.129,0.242,8,2,523.7,4096.0,58,1575,100,True
98,2026-09-16 00:41:55,97.07,mediumworkmain1_20260916_004017,12.3,146,55.7,0.203,0.287,17,3,381.26,4096.0,58,1575,100,True
99,2026-09-16 00:41:56,98.07,mediumworkmain1_20260916_004017,20.9,148,55.7,0.125,0.392,17,3,372.64,4096.0,58,1575,100,True
100,2026-09-16 00:41:57,99.07,mediumworkmain1_20260916_004017,20.3,148,55.8,0.09,0.344,21,3,390.95,4096.0,57,1290,100,True
101,2026-09-16 00:41:58,100.07,mediumworkmain1_20260916_004017,34.1,146,55.7,0.109,0.333,17,3,376.7,4096.0,57,1290,100,True
102,2026-09-16 00:41:59,101.07,mediumworkmain1_20260916_004017,36.4,147,55.7,0.359,1.084,18,3,384.89,4096.0,57,1005,100,True
103,2026-09-16 00:42:00,102.07,mediumworkmain1_20260916_004017,35.6,149,55.6,0.023,0.137,18,3,375.82,4096.0,57,1005,100,True
104,2026-09-16 00:42:01,103.07,mediumworkmain1_20260916_004017,20.4,148,55.7,0.078,0.207,57,24,373.64,4096.0,57,1162,100,True
105,2026-09-16 00:42:02,104.07,mediumworkmain1_20260916_004017,21.2,148,55.7,0.016,0.142,18,3,361.39,4096.0,57,1162,100,True
106,2026-09-16 00:42:03,105.07,mediumworkmain1_20260916_004017,21.2,147,55.8,0.0,0.04,63,30,364.29,4096.0,57,1125,100,True
107,2026-09-16 00:42:04,106.07,mediumworkmain1_20260916_004017,22.5,147,55.8,0.0,0.062,20,4,339.29,4096.0,57,1125,100,True
108,2026-09-16 00:42:05,107.07,mediumworkmain1_20260916_004017,26.1,146,55.5,0.109,0.316,63,29,356.17,4096.0,57,1095,100,True
109,2026-09-16 00:42:06,108.07,mediumworkmain1_20260916_004017,23.9,148,55.3,0.0,0.033,19,4,347.42,4096.0,58,1095,100,True
110,2026-09-16 00:42:07,109.07,mediumworkmain1_20260916_004017,15.6,147,55.3,0.172,0.409,62,29,347.73,4096.0,57,1057,100,True
111,2026-09-16 00:42:08,110.07,mediumworkmain1_20260916_004017,20.6,147,55.2,0.051,0.337,19,3,338.79,4096.0,57,1057,100,True
112,2026-09-16 00:42:09,111.07,mediumworkmain1_20260916_004017,23.6,148,55.3,0.064,0.209,60,25,355.54,4096.0,57,967,100,True
113,2026-09-16 00:42:10,112.07,mediumworkmain1_20260916_004017,17.2,147,55.2,0.016,0.088,19,3,337.54,4096.0,57,967,100,True
114,2026-09-16 00:42:11,113.07,mediumworkmain1_20260916_004017,23.6,148,55.3,0.0,0.031,58,24,344.42,4096.0,57,870,100,True
115,2026-09-16 00:42:12,114.07,mediumworkmain1_20260916_004017,24.9,148,55.2,0.016,0.035,19,3,335.98,4096.0,57,870,100,True
116,2026-09-16 00:42:13,115.07,mediumworkmain1_20260916_004017,19.7,147,55.3,0.0,0.002,64,30,345.04,4096.0,57,885,100,True
117,2026-09-16 00:42:14,116.07,mediumworkmain1_20260916_004017,20.9,147,55.3,0.484,1.057,22,4,347.73,4096.0,57,885,100,True
118,2026-09-16 00:42:15,117.07,mediumworkmain1_20260916_004017,16.9,147,55.3,0.359,1.041,62,27,347.73,4096.0,57,907,100,True
119,2026-09-16 00:42:16,118.07,mediumworkmain1_20260916_004017,16.7,147,55.1,0.438,0.707,22,4,339.29,4096.0,57,907,100,True
120,2026-09-16 00:42:17,119.07,mediumworkmain1_20260916_004017,15.9,147,55.1,0.125,0.476,24,5,347.73,4096.0,57,922,100,True
121,2026-09-16 00:42:18,120.07,mediumworkmain1_20260916_004017,16.0,147,55.1,0.078,0.224,19,4,338.67,4096.0,57,922,100,True
122,2026-09-16 00:42:19,121.07,mediumworkmain1_20260916_004017,21.4,148,55.2,0.941,1.355,21,5,346.04,4096.0,57,832,100,True
123,2026-09-16 00:42:20,122.08,mediumworkmain1_20260916_004017,18.3,148,55.2,0.023,0.0,18,3,345.36,4096.0,57,1252,100,True
124,2026-09-16 00:42:21,123.08,mediumworkmain1_20260916_004017,22.9,147,55.2,0.0,0.006,18,3,336.92,4096.0,57,1252,100,True
125,2026-09-16 00:42:22,124.08,mediumworkmain1_20260916_004017,20.9,147,55.2,0.0,0.007,22,4,335.98,4096.0,57,637,100,True
126,2026-09-16 00:42:23,125.08,mediumworkmain1_20260916_004017,23.3,147,55.4,0.359,0.918,22,4,353.17,4096.0,57,855,100,True
127,2026-09-16 00:42:24,126.08,mediumworkmain1_20260916_004017,19.2,147,55.3,0.203,0.379,23,4,334.48,4096.0,57,855,100,True
128,2026-09-16 00:42:25,127.08,mediumworkmain1_20260916_004017,26.6,144,55.3,0.234,0.508,20,4,342.42,4096.0,57,937,100,True
129,2026-09-16 00:42:26,128.08,mediumworkmain1_20260916_004017,22.0,147,55.3,0.031,0.105,21,4,341.42,4096.0,57,937,100,True
130,2026-09-16 00:42:27,129.08,mediumworkmain1_20260916_004017,17.7,147,55.3,0.141,0.41,23,5,349.42,4096.0,57,960,100,True
131,2026-09-16 00:42:28,130.08,mediumworkmain1_20260916_004017,21.5,147,55.3,0.062,0.254,19,4,332.36,4096.0,57,960,100,True
132,2026-09-16 00:42:29,131.08,mediumworkmain1_20260916_004017,19.3,147,55.3,0.016,0.16,21,3,331.04,4096.0,56,547,100,True
133,2026-09-16 00:42:30,132.08,mediumworkmain1_20260916_004017,15.3,148,55.2,0.109,0.279,19,3,330.17,4096.0,57,1095,100,True
134,2026-09-16 00:42:31,133.08,mediumworkmain1_20260916_004017,15.1,147,55.2,0.0,0.0,19,3,330.17,4096.0,57,1095,100,True
135,2026-09-16 00:42:32,134.08,mediumworkmain1_20260916_004017,18.7,147,55.3,0.125,0.27,20,4,330.17,4096.0,56,915,100,True
136,2026-09-16 00:42:33,135.08,mediumworkmain1_20260916_004017,16.7,147,55.2,0.25,0.545,21,4,329.54,4096.0,57,915,100,True
137,2026-09-16 00:42:34,136.08,mediumworkmain1_20260916_004017,23.1,147,55.1,0.172,0.345,20,4,353.23,4096.0,57,975,100,True
138,2026-09-16 00:42:35,137.08,mediumworkmain1_20260916_004017,23.2,147,55.0,0.0,0.062,21,4,355.79,4096.0,56,975,100,True
139,2026-09-16 00:42:36,138.08,mediumworkmain1_20260916_004017,22.2,147,55.1,0.0,0.001,22,5,364.23,4096.0,56,907,100,True
140,2026-09-16 00:42:37,139.08,mediumworkmain1_20260916_004017,20.7,147,55.0,0.219,0.56,21,4,355.79,4096.0,57,907,100,True
141,2026-09-16 00:42:38,140.08,mediumworkmain1_20260916_004017,15.8,147,55.1,0.0,0.001,22,4,363.79,4096.0,56,930,100,True
142,2026-09-16 00:42:39,141.08,mediumworkmain1_20260916_004017,17.7,147,55.0,0.0,0.0,19,3,335.17,4096.0,56,930,100,True
143,2026-09-16 00:42:40,142.08,mediumworkmain1_20260916_004017,14.0,147,55.1,0.0,0.009,21,4,343.61,4096.0,56,810,100,True
144,2026-09-16 00:42:41,143.08,mediumworkmain1_20260916_004017,19.9,147,55.2,0.0,0.001,17,3,344.98,4096.0,56,1147,100,True
145,2026-09-16 00:42:42,144.08,mediumworkmain1_20260916_004017,25.2,146,55.1,0.0,0.027,16,4,462.79,4096.0,57,1147,100,True
146,2026-09-16 00:42:43,145.08,mediumworkmain1_20260916_004017,12.5,143,55.2,0.0,0.006,8,3,460.11,4096.0,56,615,100,True
147,2026-09-16 00:42:44,146.08,mediumworkmain1_20260916_004017,8.8,139,55.2,0.0,0.048,14,3,460.11,4096.0,56,450,100,True
148,2026-09-16 00:42:45,147.09,mediumworkmain1_20260916_004017,11.9,139,55.3,0.496,0.884,49,31,473.74,4096.0,56,862,100,True
149,2026-09-16 00:42:46,148.09,mediumworkmain1_20260916_004017,11.1,133,55.2,0.0,0.0,10,3,456.86,4096.0,56,862,100,True
150,2026-09-16 00:42:47,149.09,mediumworkmain1_20260916_004017,11.5,131,55.1,0.0,0.086,46,30,347.86,4096.0,56,420,100,True
151,2026-09-16 00:42:48,150.09,mediumworkmain1_20260916_004017,9.8,123,55.1,0.125,0.315,17,4,339.8,4096.0,56,420,100,True
152,2026-09-16 00:42:49,151.09,mediumworkmain1_20260916_004017,12.8,140,55.1,0.0,0.114,74,39,411.68,4096.0,56,750,100,True
153,2026-09-16 00:42:50,152.09,mediumworkmain1_20260916_004017,10.7,143,55.3,0.0,0.0,6,2,497.05,4096.0,56,1575,100,True
154,2026-09-16 00:42:51,153.09,mediumworkmain1_20260916_004017,8.9,140,55.5,0.0,0.013,9,2,486.99,4096.0,56,1575,100,True
155,2026-09-16 00:42:52,154.09,mediumworkmain1_20260916_004017,6.8,137,55.5,0.156,0.524,7,2,478.8,4096.0,56,1575,100,True
156,2026-09-16 00:42:53,155.09,mediumworkmain1_20260916_004017,5.3,133,55.5,0.0,0.004,0,1,476.3,4096.0,56,1575,100,True
157,2026-09-16 00:42:54,156.09,mediumworkmain1_20260916_004017,9.4,146,55.5,0.0,0.004,0,0,466.68,4096.0,55,465,100,True
158,2026-09-16 00:42:55,157.09,mediumworkmain1_20260916_004017,17.5,146,55.9,0.172,0.516,73,10,441.74,4096.0,55,712,100,True
159,2026-09-16 00:42:56,158.09,mediumworkmain1_20260916_004017,30.6,142,56.7,0.504,0.846,45,16,513.86,4096.0,55,817,100,True
160,2026-09-16 00:42:57,159.09,mediumworkmain1_20260916_004017,13.8,144,57.6,0.0,0.035,7,1,530.05,4096.0,56,1575,100,True
161,2026-09-16 00:42:58,160.09,mediumworkmain1_20260916_004017,7.9,140,57.5,0.422,1.345,11,1,493.99,4096.0,56,1575,100,True
162,2026-09-16 00:42:59,161.09,mediumworkmain1_20260916_004017,17.9,146,57.9,0.336,1.171,11,1,505.82,4096.0,56,1575,100,True
163,2026-09-16 00:43:00,162.09,mediumworkmain1_20260916_004017,11.6,144,58.6,0.188,0.623,4,1,504.07,4096.0,55,607,100,True
164,2026-09-16 00:43:01,163.09,mediumworkmain1_20260916_004017,6.8,139,58.9,0.0,0.0,0,0,466.01,4096.0,55,450,100,True
165,2026-09-16 00:43:02,164.09,mediumworkmain1_20260916_004017,24.4,150,59.7,0.496,0.871,24,5,479.88,4096.0,55,330,100,True
166,2026-09-16 00:43:03,165.09,mediumworkmain1_20260916_004017,14.7,143,60.1,0.176,0.816,36,4,508.9,4096.0,55,697,100,True
167,2026-09-16 00:43:04,166.09,mediumworkmain1_20260916_004017,11.4,139,60.1,0.703,1.823,2,1,508.9,4096.0,55,697,100,True
168,2026-09-16 00:43:05,167.09,mediumworkmain1_20260916_004017,9.4,140,60.1,0.0,0.0,22,2,508.9,4096.0,55,382,100,True
169,2026-09-16 00:43:06,168.09,mediumworkmain1_20260916_004017,14.0,145,60.5,0.281,0.653,0,0,491.21,4096.0,55,510,100,True
170,2026-09-16 00:43:07,169.09,mediumworkmain1_20260916_004017,19.9,149,61.5,0.488,0.546,16,3,511.42,4096.0,55,262,100,True
171,2026-09-16 00:43:08,170.09,mediumworkmain1_20260916_004017,12.3,144,61.7,0.266,1.198,49,12,510.55,4096.0,55,517,100,True
172,2026-09-16 00:43:09,171.09,mediumworkmain1_20260916_004017,7.3,139,61.8,0.093,0.23,22,3,514.17,4096.0,55,517,100,True
173,2026-09-16 00:43:10,172.1,mediumworkmain1_20260916_004017,11.1,140,62.3,0.172,0.954,68,11,487.48,4096.0,55,555,100,True
174,2026-09-16 00:43:11,173.1,mediumworkmain1_20260916_004017,24.4,148,63.0,0.312,0.478,12,4,528.05,4096.0,55,555,100,True
175,2026-09-16 00:43:12,174.1,mediumworkmain1_20260916_004017,11.9,144,63.6,0.078,0.367,44,13,527.38,4096.0,55,555,100,True
176,2026-09-16 00:43:13,175.1,mediumworkmain1_20260916_004017,8.7,139,63.7,14.743,1.095,2,1,528.5,4096.0,55,585,100,True
177,2026-09-16 00:43:14,176.1,mediumworkmain1_20260916_004017,7.2,132,63.7,0.219,1.338,3,1,527.82,4096.0,55,330,100,True
178,2026-09-16 00:43:15,177.1,mediumworkmain1_20260916_004017,8.5,135,63.7,0.414,0.652,73,12,527.88,4096.0,55,435,100,True
179,2026-09-16 00:43:16,178.1,mediumworkmain1_20260916_004017,11.3,144,63.8,1.479,0.125,0,0,522.69,4096.0,55,435,100,True
180,2026-09-16 00:43:17,179.1,mediumworkmain1_20260916_004017,21.7,146,64.2,3.164,1.548,10,2,479.94,4096.0,56,1575,100,True
181,2026-09-16 00:43:18,180.1,mediumworkmain1_20260916_004017,18.8,146,64.1,4.612,8.351,6,0,476.5,4096.0,56,1575,100,True
182,2026-09-16 00:43:19,181.1,mediumworkmain1_20260916_004017,9.5,139,63.9,3.894,7.282,10,0,475.5,4096.0,56,1575,100,True
183,2026-09-16 00:43:20,182.1,mediumworkmain1_20260916_004017,9.5,138,63.9,1.309,0.031,0,0,450.63,4096.0,56,1575,100,True
184,2026-09-16 00:43:21,183.1,mediumworkmain1_20260916_004017,12.4,144,63.7,2.172,4.947,0,0,446.82,4096.0,55,360,100,True
185,2026-09-16 00:43:22,184.1,mediumworkmain1_20260916_004017,22.2,145,64.1,1.457,4.027,34,5,445.07,4096.0,55,637,100,True
186,2026-09-16 00:43:23,185.1,mediumworkmain1_20260916_004017,15.7,144,63.9,1.316,3.194,16,3,453.07,4096.0,55,637,100,True
187,2026-09-16 00:43:24,186.1,mediumworkmain1_20260916_004017,9.2,138,63.6,0.535,0.242,0,0,453.07,4096.0,55,262,100,True
188,2026-09-16 00:43:25,187.1,mediumworkmain1_20260916_004017,10.5,145,63.5,1.496,3.77,4,1,479.38,4096.0,55,210,100,True
189,2026-09-16 00:43:26,188.1,mediumworkmain1_20260916_004017,9.2,140,63.5,1.062,2.439,4,2,453.44,4096.0,55,570,100,True
190,2026-09-16 00:43:27,189.1,mediumworkmain1_20260916_004017,8.0,134,63.5,0.505,0.862,15,1,423.88,4096.0,55,570,100,True
191,2026-09-16 00:43:28,190.1,mediumworkmain1_20260916_004017,19.1,146,63.5,3.397,0.754,34,5,449.82,4096.0,55,570,100,True
192,2026-09-16 00:43:29,191.1,mediumworkmain1_20260916_004017,13.3,141,63.5,1.199,3.166,25,3,453.44,4096.0,55,570,100,True
193,2026-09-16 00:43:30,192.1,mediumworkmain1_20260916_004017,19.5,145,63.5,0.5,1.314,68,9,443.57,4096.0,55,667,100,True
194,2026-09-16 00:43:31,193.1,mediumworkmain1_20260916_004017,9.8,142,63.6,0.0,0.0,34,5,443.69,4096.0,55,667,100,True
195,2026-09-16 00:43:32,194.1,mediumworkmain1_20260916_004017,12.9,145,63.5,0.266,0.719,8,1,451.57,4096.0,55,810,100,True
196,2026-09-16 00:43:33,195.1,mediumworkmain1_20260916_004017,5.1,135,63.4,0.016,0.125,11,1,453.44,4096.0,55,525,100,True
197,2026-09-16 00:43:34,196.1,mediumworkmain1_20260916_004017,10.1,145,63.6,12.694,19.368,29,5,431.44,4096.0,55,405,100,True
198,2026-09-16 00:43:35,197.1,mediumworkmain1_20260916_004017,8.9,141,63.5,0.0,0.105,26,4,416.19,4096.0,55,780,100,True
199,2026-09-16 00:43:36,198.1,mediumworkmain1_20260916_004017,18.3,145,63.7,0.594,1.49,13,1,416.13,4096.0,55,870,100,True
200,2026-09-16 00:43:37,199.1,mediumworkmain1_20260916_004017,9.6,138,63.7,0.056,0.609,2,0,418.25,4096.0,56,870,100,True
201,2026-09-16 00:43:38,200.11,mediumworkmain1_20260916_004017,12.0,141,63.6,0.0,0.078,9,1,418.25,4096.0,55,247,100,True
202,2026-09-16 00:43:39,201.11,mediumworkmain1_20260916_004017,3.8,132,63.6,0.062,0.0,27,3,410.88,4096.0,55,210,100,True
203,2026-09-16 00:43:40,202.11,mediumworkmain1_20260916_004017,19.2,146,64.1,0.5,0.812,25,3,488.82,4096.0,56,1575,100,True
204,2026-09-16 00:43:41,203.11,mediumworkmain1_20260916_004017,28.4,146,65.0,5.582,19.59,5,1,523.02,4096.0,57,1575,100,True
205,2026-09-16 00:43:42,204.11,mediumworkmain1_20260916_004017,14.7,142,64.8,1.18,5.902,3,0,509.02,4096.0,57,1575,100,True
206,2026-09-16 00:43:43,205.11,mediumworkmain1_20260916_004017,9.9,144,65.3,0.906,1.805,2,0,508.96,4096.0,57,1575,100,True
207,2026-09-16 00:43:44,206.11,mediumworkmain1_20260916_004017,11.3,143,64.8,10.203,26.622,8,1,490.77,4096.0,56,420,100,True
208,2026-09-16 00:43:45,207.11,mediumworkmain1_20260916_004017,4.5,129,64.7,0.844,1.99,17,15,451.39,4096.0,55,300,100,True
209,2026-09-16 00:43:46,208.11,mediumworkmain1_20260916_004017,3.7,138,65.0,0.086,0.531,16,17,381.59,4096.0,55,232,100,True
210,2026-09-16 00:43:47,209.11,mediumworkmain1_20260916_004017,21.7,146,65.5,0.234,0.779,15,4,472.9,4096.0,57,1575,100,True
211,2026-09-16 00:43:48,210.11,mediumworkmain1_20260916_004017,24.2,146,65.5,0.438,0.479,18,4,485.78,4096.0,57,1575,100,True
212,2026-09-16 00:43:49,211.11,mediumworkmain1_20260916_004017,21.2,147,65.8,0.328,0.968,19,4,521.14,4096.0,57,1575,100,True
213,2026-09-16 00:43:50,212.11,mediumworkmain1_20260916_004017,21.2,147,65.8,0.215,0.297,17,3,530.08,4096.0,57,1575,100,True
214,2026-09-16 00:43:51,213.11,mediumworkmain1_20260916_004017,31.8,147,65.9,0.477,1.435,20,3,518.89,4096.0,57,1245,100,True
215,2026-09-16 00:43:52,214.11,mediumworkmain1_20260916_004017,19.0,145,65.9,0.188,1.102,8,3,486.65,4096.0,57,1245,100,True
216,2026-09-16 00:43:53,215.11,mediumworkmain1_20260916_004017,18.4,145,65.8,0.234,0.681,43,27,470.53,4096.0,57,705,100,True
217,2026-09-16 00:43:54,216.11,mediumworkmain1_20260916_004017,18.3,145,66.0,0.766,0.562,50,31,464.9,4096.0,56,960,100,True
218,2026-09-16 00:43:55,217.11,mediumworkmain1_20260916_004017,10.1,133,65.9,0.266,0.917,12,3,458.84,4096.0,57,960,100,True
219,2026-09-16 00:43:56,218.11,mediumworkmain1_20260916_004017,9.2,136,65.8,0.438,1.125,46,27,458.46,4096.0,57,532,100,True
220,2026-09-16 00:43:57,219.11,mediumworkmain1_20260916_004017,7.5,132,65.7,0.125,0.426,16,4,416.65,4096.0,57,532,100,True
221,2026-09-16 00:43:58,220.11,mediumworkmain1_20260916_004017,7.6,136,65.4,0.0,0.0,15,4,416.65,4096.0,56,840,100,True
222,2026-09-16 00:43:59,221.11,mediumworkmain1_20260916_004017,20.8,143,65.4,0.219,0.86,12,3,427.84,4096.0,57,840,100,True
223,2026-09-16 00:44:00,222.11,mediumworkmain1_20260916_004017,22.4,147,65.5,0.0,0.028,27,9,476.65,4096.0,56,555,100,True
224,2026-09-16 00:44:01,223.11,mediumworkmain1_20260916_004017,21.8,146,66.5,0.129,0.492,23,4,511.71,4096.0,57,900,100,True
225,2026-09-16 00:44:02,224.11,mediumworkmain1_20260916_004017,26.9,148,66.7,0.156,0.908,22,3,530.52,4096.0,57,900,100,True
226,2026-09-16 00:44:04,225.11,mediumworkmain1_20260916_004017,23.2,147,66.5,0.125,0.367,22,3,512.27,4096.0,57,502,100,True
227,2026-09-16 00:44:05,226.11,mediumworkmain1_20260916_004017,21.6,147,66.6,0.109,0.261,20,4,517.08,4096.0,57,1005,100,True
228,2026-09-16 00:44:06,227.11,mediumworkmain1_20260916_004017,25.1,146,66.5,0.0,0.0,21,4,501.77,4096.0,57,1005,100,True
229,2026-09-16 00:44:07,228.11,mediumworkmain1_20260916_004017,19.5,147,66.5,0.004,0.113,17,3,483.71,4096.0,58,1575,100,True
230,2026-09-16 00:44:08,229.11,mediumworkmain1_20260916_004017,18.3,148,66.1,0.746,0.718,17,3,439.83,4096.0,58,1575,100,True
231,2026-09-16 00:44:09,230.11,mediumworkmain1_20260916_004017,30.6,146,66.3,0.473,1.666,16,3,401.96,4096.0,58,1575,100,True
232,2026-09-16 00:44:10,231.11,mediumworkmain1_20260916_004017,40.3,140,66.7,0.07,0.0,16,3,401.89,4096.0,58,1575,100,True
233,2026-09-16 00:44:11,232.11,mediumworkmain1_20260916_004017,36.8,144,66.8,0.84,1.872,18,3,404.14,4096.0,58,1140,100,True
234,2026-09-16 00:44:12,233.11,mediumworkmain1_20260916_004017,25.9,143,66.8,0.395,3.341,11,3,398.2,4096.0,57,1140,100,True
235,2026-09-16 00:44:13,234.12,mediumworkmain1_20260916_004017,17.1,142,66.9,0.664,1.631,30,21,398.2,4096.0,57,570,100,True
236,2026-09-16 00:44:14,235.12,mediumworkmain1_20260916_004017,14.0,145,66.6,0.754,0.883,30,18,348.39,4096.0,57,510,100,True
237,2026-09-16 00:44:15,236.12,mediumworkmain1_20260916_004017,11.2,141,66.7,5.41,1.93,30,19,344.95,4096.0,57,450,100,True
238,2026-09-16 00:44:16,237.12,mediumworkmain1_20260916_004017,16.1,144,66.8,0.914,2.402,39,21,335.01,4096.0,56,435,100,True
239,2026-09-16 00:44:17,238.12,mediumworkmain1_20260916_004017,6.8,138,66.7,2.352,3.117,37,19,325.95,4096.0,57,420,100,True
240,2026-09-16 00:44:18,239.12,mediumworkmain1_20260916_004017,4.8,135,66.6,0.406,1.055,35,21,325.95,4096.0,56,757,100,True
241,2026-09-16 00:44:19,240.12,mediumworkmain1_20260916_004017,5.5,137,66.6,0.047,0.243,35,21,325.95,4096.0,56,697,100,True
242,2026-09-16 00:44:20,241.12,mediumworkmain1_20260916_004017,4.3,135,66.6,0.188,0.664,36,20,325.95,4096.0,56,660,100,True
243,2026-09-16 00:44:21,242.12,mediumworkmain1_20260916_004017,2.1,126,66.6,0.0,0.0,30,19,318.01,4096.0,56,600,100,True
244,2026-09-16 00:44:22,243.12,mediumworkmain1_20260916_004017,3.6,125,66.3,0.109,0.26,30,18,318.01,4096.0,56,540,100,True
245,2026-09-16 00:44:23,244.12,mediumworkmain1_20260916_004017,5.3,132,66.2,0.016,0.068,30,18,318.01,4096.0,56,480,100,True
246,2026-09-16 00:44:24,245.12,mediumworkmain1_20260916_004017,12.6,141,65.9,0.078,0.173,30,18,318.01,4096.0,56,435,100,True
247,2026-09-16 00:44:25,246.12,mediumworkmain1_20260916_004017,11.2,141,65.8,0.0,0.215,30,19,318.01,4096.0,55,652,100,True
248,2026-09-16 00:44:26,247.12,mediumworkmain1_20260916_004017,11.8,143,66.2,0.188,0.444,68,31,373.64,4096.0,56,1110,100,True
249,2026-09-16 00:44:27,248.12,mediumworkmain1_20260916_004017,18.8,147,66.3,0.094,0.452,19,3,369.14,4096.0,56,1110,100,True
250,2026-09-16 00:44:28,249.12,mediumworkmain1_20260916_004017,20.4,148,66.5,0.031,0.1,62,26,416.64,4096.0,56,1147,100,True
251,2026-09-16 00:44:29,250.12,mediumworkmain1_20260916_004017,22.7,143,66.6,0.0,0.0,12,3,459.83,4096.0,56,1147,100,True
252,2026-09-16 00:44:30,251.12,mediumworkmain1_20260916_004017,20.1,146,66.6,0.469,0.452,64,37,463.14,4096.0,57,1207,100,True
253,2026-09-16 00:44:31,252.12,mediumworkmain1_20260916_004017,24.7,145,66.5,0.678,0.822,15,3,455.21,4096.0,57,1207,100,True
254,2026-09-16 00:44:32,253.12,mediumworkmain1_20260916_004017,14.5,146,66.5,1.386,0.004,29,5,467.64,4096.0,57,705,100,True
255,2026-09-16 00:44:33,254.12,mediumworkmain1_20260916_004017,29.3,146,66.7,57.924,1.188,17,4,682.64,4096.0,57,1575,100,True
256,2026-09-16 00:44:34,255.12,mediumworkmain1_20260916_004017,38.4,136,66.9,13.25,1.242,13,2,567.46,4096.0,58,1575,100,True
257,2026-09-16 00:44:35,256.12,mediumworkmain1_20260916_004017,27.5,145,67.3,32.024,1.476,9,2,619.7,4096.0,58,1575,100,True
258,2026-09-16 00:44:36,257.12,mediumworkmain1_20260916_004017,35.3,143,67.3,2.262,0.652,15,2,599.7,4096.0,58,1575,100,True
259,2026-09-16 00:44:37,258.12,mediumworkmain1_20260916_004017,36.1,139,67.2,4.371,5.741,34,10,556.07,4096.0,57,765,100,True
260,2026-09-16 00:44:38,259.12,mediumworkmain1_20260916_004017,30.3,144,67.2,3.955,6.213,33,11,559.26,4096.0,57,735,100,True
261,2026-09-16 00:44:39,260.12,mediumworkmain1_20260916_004017,9.1,141,67.2,0.219,0.778,11,7,448.45,4096.0,57,787,100,True
262,2026-09-16 00:44:40,261.12,mediumworkmain1_20260916_004017,14.5,144,67.1,3.612,0.346,40,10,414.39,4096.0,57,780,100,True
263,2026-09-16 00:44:41,262.12,mediumworkmain1_20260916_004017,25.5,147,67.1,0.82,4.268,21,5,402.7,4096.0,57,1012,100,True
264,2026-09-16 00:44:42,263.12,mediumworkmain1_20260916_004017,19.0,148,67.1,1.055,1.297,20,4,407.01,4096.0,57,1012,100,True
265,2026-09-16 00:44:43,264.13,mediumworkmain1_20260916_004017,26.8,146,66.6,0.281,1.516,20,4,444.14,4096.0,58,922,100,True
266,2026-09-16 00:44:44,265.13,mediumworkmain1_20260916_004017,17.7,147,66.5,0.078,0.633,20,4,438.76,4096.0,58,922,100,True
267,2026-09-16 00:44:45,266.13,mediumworkmain1_20260916_004017,18.2,147,66.5,0.289,0.432,21,5,437.39,4096.0,58,990,100,True
268,2026-09-16 00:44:46,267.13,mediumworkmain1_20260916_004017,21.2,147,66.5,0.281,1.049,21,3,422.45,4096.0,58,990,100,True
269,2026-09-16 00:44:47,268.13,mediumworkmain1_20260916_004017,21.2,147,66.6,0.0,0.0,24,5,419.2,4096.0,58,1057,100,True
270,2026-09-16 00:44:48,269.13,mediumworkmain1_20260916_004017,24.7,148,66.5,0.016,0.097,19,4,411.2,4096.0,58,1057,100,True
271,2026-09-16 00:44:49,270.13,mediumworkmain1_20260916_004017,17.9,147,66.4,0.125,0.333,24,3,449.14,4096.0,57,622,100,True
272,2026-09-16 00:44:50,271.13,mediumworkmain1_20260916_004017,29.2,145,66.6,0.254,0.761,16,3,592.14,4096.0,59,1575,100,True
273,2026-09-16 00:44:51,272.13,mediumworkmain1_20260916_004017,19.9,148,66.6,0.004,0.0,19,3,591.01,4096.0,59,1575,100,True
274,2026-09-16 00:44:52,273.13,mediumworkmain1_20260916_004017,20.9,148,66.7,0.988,2.255,18,3,591.01,4096.0,59,1575,100,True
275,2026-09-16 00:44:53,274.13,mediumworkmain1_20260916_004017,12.8,145,66.7,0.391,1.03,8,2,592.45,4096.0,59,1575,100,True
276,2026-09-16 00:44:54,275.13,mediumworkmain1_20260916_004017,6.8,138,66.7,1.779,0.361,35,20,567.57,4096.0,58,772,100,True
277,2026-09-16 00:44:55,276.13,mediumworkmain1_20260916_004017,18.8,148,66.4,1.271,0.031,20,3,384.39,4096.0,58,1095,100,True
278,2026-09-16 00:44:56,277.13,mediumworkmain1_20260916_004017,20.5,148,66.5,0.168,0.447,21,4,392.26,4096.0,58,667,100,True
279,2026-09-16 00:44:57,278.13,mediumworkmain1_20260916_004017,23.5,145,66.7,0.781,1.901,21,4,389.57,4096.0,58,1057,100,True
280,2026-09-16 00:44:58,279.13,mediumworkmain1_20260916_004017,20.6,147,66.6,0.359,0.908,19,4,437.95,4096.0,58,660,100,True
281,2026-09-16 00:44:59,280.13,mediumworkmain1_20260916_004017,25.5,148,66.5,0.0,0.031,20,4,430.51,4096.0,58,1035,100,True
282,2026-09-16 00:45:00,281.13,mediumworkmain1_20260916_004017,23.5,148,66.6,1.738,1.283,12,1,437.51,4096.0,57,607,100,True
283,2026-09-16 00:45:01,282.13,mediumworkmain1_20260916_004017,37.6,141,67.2,8.789,19.432,15,18,607.64,4096.0,58,1290,100,True
284,2026-09-16 00:45:02,283.13,mediumworkmain1_20260916_004017,29.7,147,67.1,1.422,8.215,17,3,590.64,4096.0,58,1290,100,True
285,2026-09-16 00:45:03,284.13,mediumworkmain1_20260916_004017,18.7,147,67.0,0.188,0.53,23,4,555.64,4096.0,58,742,100,True
286,2026-09-16 00:45:04,285.13,mediumworkmain1_20260916_004017,19.6,147,67.0,0.195,0.783,24,4,555.64,4096.0,58,622,100,True
287,2026-09-16 00:45:05,286.13,mediumworkmain1_20260916_004017,16.7,147,67.0,0.203,0.526,27,4,528.89,4096.0,58,532,100,True
288,2026-09-16 00:45:06,287.13,mediumworkmain1_20260916_004017,26.2,146,66.8,0.0,0.0,24,4,385.82,4096.0,58,840,100,True
289,2026-09-16 00:45:07,288.13,mediumworkmain1_20260916_004017,14.8,146,66.4,0.0,0.027,22,4,386.89,4096.0,58,840,100,True
290,2026-09-16 00:45:08,289.13,mediumworkmain1_20260916_004017,19.9,147,66.5,0.203,0.462,23,4,389.51,4096.0,57,907,100,True
291,2026-09-16 00:45:09,290.13,mediumworkmain1_20260916_004017,19.0,147,66.5,0.047,0.222,23,4,398.45,4096.0,57,907,100,True
292,2026-09-16 00:45:10,291.13,mediumworkmain1_20260916_004017,20.2,144,66.4,0.109,0.285,21,4,398.45,4096.0,57,1005,100,True
293,2026-09-16 00:45:11,292.13,mediumworkmain1_20260916_004017,26.3,148,66.3,0.016,0.075,19,4,401.2,4096.0,57,1005,100,True
294,2026-09-16 00:45:12,293.13,mediumworkmain1_20260916_004017,23.1,147,66.3,0.203,0.583,20,3,499.39,4096.0,57,1072,100,True
295,2026-09-16 00:45:13,294.14,mediumworkmain1_20260916_004017,11.7,144,66.3,0.297,1.317,12,1,503.71,4096.0,57,1072,100,True
296,2026-09-16 00:45:14,295.14,mediumworkmain1_20260916_004017,10.5,144,66.5,0.078,0.172,40,17,521.96,4096.0,57,1575,100,True
297,2026-09-16 00:45:15,296.14,mediumworkmain1_20260916_004017,23.1,147,66.6,0.016,0.323,19,4,501.71,4096.0,58,1575,100,True
298,2026-09-16 00:45:16,297.14,mediumworkmain1_20260916_004017,23.2,143,66.7,0.852,0.808,10,3,493.39,4096.0,58,1575,100,True
299,2026-09-16 00:45:17,298.14,mediumworkmain1_20260916_004017,22.8,149,66.7,0.242,0.0,20,5,452.27,4096.0,58,1575,100,True
300,2026-09-16 00:45:18,299.14,mediumworkmain1_20260916_004017,18.9,145,67.0,0.641,6.416,11,3,490.51,4096.0,58,825,100,True
301,2026-09-16 00:45:19,300.14,mediumworkmain1_20260916_004017,8.6,140,66.9,8.088,0.71,36,22,451.89,4096.0,57,660,100,True
302,2026-09-16 00:45:20,301.14,mediumworkmain1_20260916_004017,3.8,135,66.8,0.031,0.177,37,22,451.76,4096.0,57,630,100,True
303,2026-09-16 00:45:21,302.14,mediumworkmain1_20260916_004017,8.1,141,66.4,0.0,0.0,37,22,450.95,4096.0,57,607,100,True
304,2026-09-16 00:45:22,303.14,mediumworkmain1_20260916_004017,10.1,136,66.3,0.219,0.845,37,21,358.76,4096.0,56,592,100,True
305,2026-09-16 00:45:23,304.14,mediumworkmain1_20260916_004017,8.5,133,66.4,0.016,0.11,40,24,340.57,4096.0,56,577,100,True
306,2026-09-16 00:45:24,305.14,mediumworkmain1_20260916_004017,6.2,132,66.1,0.125,0.279,39,22,340.26,4096.0,56,570,100,True
307,2026-09-16 00:45:25,306.14,mediumworkmain1_20260916_004017,14.6,143,65.9,0.0,0.172,39,22,340.26,4096.0,56,555,100,True
308,2026-09-16 00:45:26,307.14,mediumworkmain1_20260916_004017,4.9,134,65.8,0.656,1.333,36,21,339.39,4096.0,56,525,100,True
309,2026-09-16 00:45:27,308.14,mediumworkmain1_20260916_004017,10.0,140,65.6,0.109,0.299,36,20,339.39,4096.0,55,510,100,True
310,2026-09-16 00:45:28,309.14,mediumworkmain1_20260916_004017,4.9,133,65.6,0.016,0.002,37,22,339.26,4096.0,55,487,100,True
311,2026-09-16 00:45:29,310.14,mediumworkmain1_20260916_004017,6.6,138,65.6,0.016,0.035,37,22,340.01,4096.0,55,472,100,True
312,2026-09-16 00:45:30,311.14,mediumworkmain1_20260916_004017,2.6,134,65.6,0.0,0.002,36,22,340.01,4096.0,55,457,100,True
313,2026-09-16 00:45:31,312.14,mediumworkmain1_20260916_004017,7.1,139,65.5,0.266,0.833,36,20,335.01,4096.0,55,442,100,True
314,2026-09-16 00:45:32,313.14,mediumworkmain1_20260916_004017,4.5,135,65.6,0.0,0.066,37,21,339.26,4096.0,55,427,100,True
315,2026-09-16 00:45:33,314.14,mediumworkmain1_20260916_004017,2.6,133,65.6,0.078,0.321,10,4,339.26,4096.0,56,1575,100,True
316,2026-09-16 00:45:34,315.14,mediumworkmain1_20260916_004017,8.5,139,65.6,0.234,0.53,8,2,339.26,4096.0,56,1575,100,True
317,2026-09-16 00:45:35,316.14,mediumworkmain1_20260916_004017,9.3,132,65.6,0.125,0.343,11,3,340.01,4096.0,55,510,100,True
318,2026-09-16 00:45:36,317.14,mediumworkmain1_20260916_004017,6.7,134,65.6,16.25,35.047,36,21,340.01,4096.0,55,435,100,True
319,2026-09-16 00:45:37,318.14,mediumworkmain1_20260916_004017,6.3,132,65.6,0.0,0.054,36,21,339.26,4096.0,55,412,100,True
320,2026-09-16 00:45:38,319.14,mediumworkmain1_20260916_004017,5.9,133,65.6,0.172,0.487,36,21,339.26,4096.0,55,397,100,True
321,2026-09-16 00:45:39,320.14,mediumworkmain1_20260916_004017,7.6,132,65.6,0.0,0.011,36,22,339.26,4096.0,55,720,100,True
322,2026-09-16 00:45:40,321.14,mediumworkmain1_20260916_004017,5.6,132,65.6,0.0,0.004,36,22,340.01,4096.0,55,720,100,True
323,2026-09-16 00:45:41,322.14,mediumworkmain1_20260916_004017,4.5,133,65.7,0.203,0.492,36,21,340.01,4096.0,55,652,100,True
324,2026-09-16 00:45:42,323.14,mediumworkmain1_20260916_004017,9.7,144,65.6,0.035,0.282,36,21,335.14,4096.0,55,630,100,True
325,2026-09-16 00:45:43,324.14,mediumworkmain1_20260916_004017,5.9,138,65.6,0.031,0.079,37,22,335.14,4096.0,55,600,100,True
326,2026-09-16 00:45:44,325.15,mediumworkmain1_20260916_004017,3.2,138,65.6,0.109,0.293,37,22,335.14,4096.0,55,585,100,True
327,2026-09-16 00:45:45,326.15,mediumworkmain1_20260916_004017,5.2,136,65.6,0.125,0.32,38,21,335.89,4096.0,55,570,100,True
328,2026-09-16 00:45:46,327.15,mediumworkmain1_20260916_004017,9.3,137,65.8,0.0,0.004,38,21,344.32,4096.0,55,562,100,True
329,2026-09-16 00:45:47,328.15,mediumworkmain1_20260916_004017,7.9,135,65.8,0.02,0.385,38,21,335.14,4096.0,55,585,100,True
330,2026-09-16 00:45:48,329.15,mediumworkmain1_20260916_004017,9.8,138,66.0,0.191,0.0,38,22,335.14,4096.0,55,577,100,True
331,2026-09-16 00:45:49,330.15,mediumworkmain1_20260916_004017,13.5,142,66.1,0.352,1.258,37,21,354.51,4096.0,55,562,100,True
332,2026-09-16 00:45:50,331.15,mediumworkmain1_20260916_004017,20.4,148,66.6,0.727,2.861,18,3,373.64,4096.0,56,1320,100,True
333,2026-09-16 00:45:51,332.15,mediumworkmain1_20260916_004017,21.4,147,66.8,0.383,0.0,22,3,375.64,4096.0,56,1320,100,True
334,2026-09-16 00:45:52,333.15,mediumworkmain1_20260916_004017,27.6,146,66.8,1.461,3.473,25,4,375.64,4096.0,56,720,100,True
335,2026-09-16 00:45:53,334.15,mediumworkmain1_20260916_004017,13.4,143,66.7,1.539,3.44,9,3,358.95,4096.0,56,1087,100,True
336,2026-09-16 00:45:54,335.15,mediumworkmain1_20260916_004017,13.9,146,66.9,3.528,2.12,9,3,333.64,4096.0,56,1087,100,True
337,2026-09-16 00:45:55,336.15,mediumworkmain1_20260916_004017,10.6,145,66.9,0.438,0.277,34,19,338.64,4096.0,56,420,100,True
338,2026-09-16 00:45:56,337.15,mediumworkmain1_20260916_004017,3.8,136,66.7,0.969,1.737,35,20,338.64,4096.0,55,405,100,True
339,2026-09-16 00:45:57,338.15,mediumworkmain1_20260916_004017,9.5,143,66.8,0.582,1.074,35,20,339.57,4096.0,55,390,100,True
340,2026-09-16 00:45:58,339.15,mediumworkmain1_20260916_004017,17.7,145,67.1,1.035,3.058,73,32,374.89,4096.0,56,810,100,True
341,2026-09-16 00:45:59,340.15,mediumworkmain1_20260916_004017,26.3,148,67.1,0.0,0.0,19,3,376.45,4096.0,56,1297,100,True
342,2026-09-16 00:46:00,341.15,mediumworkmain1_20260916_004017,25.9,148,67.1,0.219,0.598,19,3,384.14,4096.0,56,787,100,True
343,2026-09-16 00:46:01,342.15,mediumworkmain1_20260916_004017,24.5,148,67.1,0.156,0.482,19,3,381.57,4096.0,57,1237,100,True
344,2026-09-16 00:46:02,343.15,mediumworkmain1_20260916_004017,22.2,146,67.4,0.0,0.122,15,1,427.39,4096.0,56,1575,100,True
345,2026-09-16 00:46:03,344.15,mediumworkmain1_20260916_004017,22.2,148,67.5,0.0,0.0,19,3,393.26,4096.0,57,1575,100,True
346,2026-09-16 00:46:04,345.15,mediumworkmain1_20260916_004017,27.3,148,67.5,0.949,1.357,19,3,392.89,4096.0,57,1575,100,True
347,2026-09-16 00:46:05,346.15,mediumworkmain1_20260916_004017,28.3,146,67.4,1.574,3.135,16,3,390.45,4096.0,57,1575,100,True
348,2026-09-16 00:46:06,347.15,mediumworkmain1_20260916_004017,17.8,148,67.5,0.281,0.301,20,3,405.01,4096.0,57,1357,100,True
349,2026-09-16 00:46:07,348.15,mediumworkmain1_20260916_004017,22.2,148,67.4,0.836,2.663,18,4,414.57,4096.0,57,1357,100,True
350,2026-09-16 00:46:08,349.15,mediumworkmain1_20260916_004017,26.1,148,67.4,0.395,1.457,23,4,416.95,4096.0,57,742,100,True
351,2026-09-16 00:46:09,350.15,mediumworkmain1_20260916_004017,34.6,147,67.5,9.34,22.346,19,4,417.01,4096.0,57,1065,100,True
352,2026-09-16 00:46:10,351.15,mediumworkmain1_20260916_004017,25.4,148,67.4,0.188,0.0,19,3,417.01,4096.0,57,1065,100,True
353,2026-09-16 00:46:11,352.16,mediumworkmain1_20260916_004017,25.5,148,67.5,1.105,3.189,22,4,421.7,4096.0,57,1050,100,True
354,2026-09-16 00:46:12,353.16,mediumworkmain1_20260916_004017,21.4,148,67.5,0.406,1.023,18,2,404.26,4096.0,57,1050,100,True
355,2026-09-16 00:46:13,354.16,mediumworkmain1_20260916_004017,26.1,148,67.7,0.578,1.436,18,3,454.14,4096.0,58,1575,100,True
356,2026-09-16 00:46:14,355.16,mediumworkmain1_20260916_004017,23.8,148,67.6,0.0,0.0,18,3,453.64,4096.0,58,1575,100,True
357,2026-09-16 00:46:15,356.16,mediumworkmain1_20260916_004017,21.5,148,67.6,0.0,0.074,18,3,453.45,4096.0,58,1575,100,True
358,2026-09-16 00:46:16,357.16,mediumworkmain1_20260916_004017,24.7,146,67.5,0.281,1.234,19,3,451.7,4096.0,58,1575,100,True
359,2026-09-16 00:46:17,358.16,mediumworkmain1_20260916_004017,10.3,142,67.5,0.0,0.018,14,5,440.7,4096.0,57,742,100,True
360,2026-09-16 00:46:18,359.16,mediumworkmain1_20260916_004017,21.1,147,67.5,0.035,0.0,23,4,415.57,4096.0,57,1065,100,True
361,2026-09-16 00:46:19,360.16,mediumworkmain1_20260916_004017,21.4,147,67.1,0.109,0.287,21,4,415.26,4096.0,57,1065,100,True
362,2026-09-16 00:46:20,361.16,mediumworkmain1_20260916_004017,21.4,147,67.5,0.0,0.018,19,3,452.64,4096.0,58,1575,100,True
363,2026-09-16 00:46:21,362.16,mediumworkmain1_20260916_004017,24.6,148,67.5,0.094,0.238,18,3,427.45,4096.0,58,1575,100,True
364,2026-09-16 00:46:22,363.16,mediumworkmain1_20260916_004017,23.2,147,67.5,0.094,0.269,19,3,428.45,4096.0,58,1575,100,True
365,2026-09-16 00:46:23,364.16,mediumworkmain1_20260916_004017,25.4,144,67.5,0.0,0.067,15,1,394.7,4096.0,58,1575,100,True
366,2026-09-16 00:46:24,365.16,mediumworkmain1_20260916_004017,26.4,148,67.5,0.094,2.152,22,3,394.7,4096.0,57,945,100,True
367,2026-09-16 00:46:25,366.16,mediumworkmain1_20260916_004017,20.6,148,67.6,0.0,0.0,20,3,394.7,4096.0,57,1305,100,True
368,2026-09-16 00:46:26,367.16,mediumworkmain1_20260916_004017,21.6,147,67.5,0.512,1.167,19,3,394.76,4096.0,57,1305,100,True
369,2026-09-16 00:46:27,368.16,mediumworkmain1_20260916_004017,20.1,147,67.5,0.0,0.116,19,3,396.14,4096.0,58,1372,100,True
370,2026-09-16 00:46:28,369.16,mediumworkmain1_20260916_004017,18.2,147,67.5,1.484,3.183,19,3,395.7,4096.0,58,1372,100,True
371,2026-09-16 00:46:29,370.16,mediumworkmain1_20260916_004017,20.8,147,67.5,0.0,0.441,24,4,395.45,4096.0,57,720,100,True
372,2026-09-16 00:46:30,371.16,mediumworkmain1_20260916_004017,21.0,147,67.4,0.016,0.124,21,2,395.89,4096.0,57,600,100,True
373,2026-09-16 00:46:31,372.16,mediumworkmain1_20260916_004017,19.4,148,67.6,0.188,0.335,19,3,396.01,4096.0,58,1575,100,True
374,2026-09-16 00:46:32,373.16,mediumworkmain1_20260916_004017,23.1,148,67.6,0.117,0.349,20,3,393.95,4096.0,58,1575,100,True
375,2026-09-16 00:46:33,374.16,mediumworkmain1_20260916_004017,22.8,148,67.7,0.0,0.031,19,3,400.71,4096.0,58,1575,100,True
376,2026-09-16 00:46:34,375.16,mediumworkmain1_20260916_004017,26.8,146,67.4,0.32,0.218,13,4,424.59,4096.0,58,1575,100,True
377,2026-09-16 00:46:35,376.16,mediumworkmain1_20260916_004017,22.4,148,67.6,0.078,0.152,24,4,447.34,4096.0,57,765,100,True
378,2026-09-16 00:46:36,377.16,mediumworkmain1_20260916_004017,20.6,147,67.5,0.031,0.344,20,4,438.78,4096.0,57,1095,100,True
379,2026-09-16 00:46:37,378.16,mediumworkmain1_20260916_004017,27.1,147,67.5,1.34,2.838,21,4,439.65,4096.0,57,1095,100,True
380,2026-09-16 00:46:38,379.16,mediumworkmain1_20260916_004017,17.6,147,67.5,1.75,3.905,20,4,424.84,4096.0,57,1110,100,True
381,2026-09-16 00:46:39,380.17,mediumworkmain1_20260916_004017,21.4,148,67.5,0.016,0.065,20,3,405.84,4096.0,57,1110,100,True
382,2026-09-16 00:46:40,381.17,mediumworkmain1_20260916_004017,21.1,147,67.5,0.004,0.0,20,3,373.65,4096.0,57,1117,100,True
383,2026-09-16 00:46:41,382.17,mediumworkmain1_20260916_004017,16.8,147,67.3,0.891,1.833,20,4,373.46,4096.0,57,1117,100,True
384,2026-09-16 00:46:42,383.17,mediumworkmain1_20260916_004017,18.1,148,67.2,2.0,4.11,21,4,373.65,4096.0,57,1147,100,True
385,2026-09-16 00:46:43,384.17,mediumworkmain1_20260916_004017,17.6,147,67.0,0.0,0.235,21,4,375.15,4096.0,57,1147,100,True
386,2026-09-16 00:46:44,385.17,mediumworkmain1_20260916_004017,6.4,138,67.0,0.0,0.109,35,22,358.4,4096.0,56,697,100,True
387,2026-09-16 00:46:45,386.17,mediumworkmain1_20260916_004017,6.9,134,66.8,0.094,0.339,35,21,347.46,4096.0,56,660,100,True
388,2026-09-16 00:46:46,387.17,mediumworkmain1_20260916_004017,9.1,133,66.9,0.125,0.289,35,19,347.46,4096.0,56,622,100,True
389,2026-09-16 00:46:47,388.17,mediumworkmain1_20260916_004017,7.0,133,66.9,0.0,0.193,36,22,348.21,4096.0,55,592,100,True
390,2026-09-16 00:46:48,389.17,mediumworkmain1_20260916_004017,14.7,144,66.9,0.062,0.004,37,20,338.96,4096.0,55,570,100,True
391,2026-09-16 00:46:49,390.17,mediumworkmain1_20260916_004017,14.3,144,67.0,0.016,0.187,38,19,391.09,4096.0,55,1575,100,True
392,2026-09-16 00:46:50,391.17,mediumworkmain1_20260916_004017,24.6,149,66.9,0.094,0.337,16,3,374.09,4096.0,56,1575,100,True
393,2026-09-16 00:46:51,392.17,mediumworkmain1_20260916_004017,18.7,148,66.9,0.0,0.0,19,3,374.09,4096.0,57,1575,100,True
394,2026-09-16 00:46:52,393.17,mediumworkmain1_20260916_004017,18.6,147,67.0,0.0,0.004,19,3,374.96,4096.0,57,1575,100,True
395,2026-09-16 00:46:53,394.17,mediumworkmain1_20260916_004017,17.4,147,67.1,0.031,0.275,59,26,427.53,4096.0,56,1215,100,True
396,2026-09-16 00:46:54,395.17,mediumworkmain1_20260916_004017,22.2,148,67.5,0.0,0.074,22,5,455.59,4096.0,56,1215,100,True
397,2026-09-16 00:46:55,396.17,mediumworkmain1_20260916_004017,23.0,146,67.5,0.0,0.0,25,4,456.03,4096.0,56,720,100,True
398,2026-09-16 00:46:56,397.17,mediumworkmain1_20260916_004017,20.9,148,67.6,0.0,0.015,20,2,456.03,4096.0,56,607,100,True
399,2026-09-16 00:46:57,398.17,mediumworkmain1_20260916_004017,27.0,148,67.6,0.0,0.059,19,3,456.28,4096.0,56,1575,100,True
400,2026-09-16 00:46:58,399.17,mediumworkmain1_20260916_004017,22.8,148,67.6,0.078,0.391,18,3,456.34,4096.0,57,1575,100,True
401,2026-09-16 00:46:59,400.17,mediumworkmain1_20260916_004017,23.3,148,67.6,0.0,0.0,14,3,406.03,4096.0,57,1575,100,True
402,2026-09-16 00:47:00,401.17,mediumworkmain1_20260916_004017,24.4,148,67.8,0.047,0.3,17,4,423.4,4096.0,57,1575,100,True
403,2026-09-16 00:47:01,402.17,mediumworkmain1_20260916_004017,25.7,147,67.5,0.031,0.202,19,3,455.4,4096.0,56,1237,100,True
404,2026-09-16 00:47:02,403.17,mediumworkmain1_20260916_004017,21.4,148,67.5,0.188,5.97,20,3,446.96,4096.0,56,1237,100,True
405,2026-09-16 00:47:03,404.17,mediumworkmain1_20260916_004017,23.1,148,67.5,0.016,0.07,12,7,446.4,4096.0,56,1080,100,True
406,2026-09-16 00:47:04,405.17,mediumworkmain1_20260916_004017,22.2,148,67.5,0.094,0.373,21,4,432.53,4096.0,56,1080,100,True
407,2026-09-16 00:47:05,406.17,mediumworkmain1_20260916_004017,15.6,147,67.8,0.062,0.275,27,12,641.34,4096.0,55,630,100,True
408,2026-09-16 00:47:06,407.18,mediumworkmain1_20260916_004017,24.0,146,67.9,0.0,0.0,18,4,658.03,4096.0,57,1575,100,True
409,2026-09-16 00:47:07,408.18,mediumworkmain1_20260916_004017,23.1,148,67.9,0.156,0.471,19,3,660.84,4096.0,56,907,100,True
410,2026-09-16 00:47:08,409.18,mediumworkmain1_20260916_004017,19.3,147,67.9,0.0,0.1,23,4,661.15,4096.0,56,750,100,True
411,2026-09-16 00:47:09,410.18,mediumworkmain1_20260916_004017,24.1,148,67.9,0.016,0.276,22,12,649.9,4096.0,56,915,100,True
412,2026-09-16 00:47:10,411.18,mediumworkmain1_20260916_004017,24.1,148,67.9,0.094,0.215,23,4,619.21,4096.0,56,915,100,True
413,2026-09-16 00:47:11,412.18,mediumworkmain1_20260916_004017,23.4,148,68.0,0.016,0.049,87,51,502.85,4096.0,56,1575,100,True
414,2026-09-16 00:47:12,413.18,mediumworkmain1_20260916_004017,24.9,146,67.8,0.0,0.247,20,4,498.66,4096.0,57,1575,100,True
415,2026-09-16 00:47:13,414.18,mediumworkmain1_20260916_004017,19.7,145,67.8,0.082,0.022,23,6,512.22,4096.0,56,937,100,True
416,2026-09-16 00:47:14,415.18,mediumworkmain1_20260916_004017,13.3,139,67.7,0.0,0.113,11,4,478.72,4096.0,56,667,100,True
